"Survived","Pclass","Sex","Age","SibSp","Parch","Fare","Embarked","Anrede","Bordseite","Deck"
"0","3","male",22,1,0,7.25,"S","Mr.",NA,"NA"
"1","1","female",38,1,0,71.2833,"C","Mrs.","Steuerbord","C"
"1","3","female",26,0,0,7.925,"S","Miss.",NA,"NA"
"1","1","female",35,1,0,53.1,"S","Mrs.","Steuerbord","C"
"0","3","male",35,0,0,8.05,"S","Mr.",NA,"NA"
"0","3","male",30,0,0,8.4583,"Q","Mr.",NA,"NA"
"0","1","male",54,0,0,51.8625,"S","Mr.","Backbord","E"
"0","3","male",2,3,1,21.075,"S","Master.",NA,"NA"
"1","3","female",27,0,2,11.1333,"S","Mrs.",NA,"NA"
"1","2","female",14,1,0,30.0708,"C","Mrs.",NA,"NA"
"1","3","female",4,1,1,16.7,"S","Miss.","Backbord","G"
"1","1","female",58,0,0,26.55,"S","Miss.","Steuerbord","C"
"0","3","male",20,0,0,8.05,"S","Mr.",NA,"NA"
"0","3","male",39,1,5,31.275,"S","Mr.",NA,"NA"
"0","3","female",14,0,0,7.8542,"S","Miss.",NA,"NA"
"1","2","female",55,0,0,16,"S","Mrs.",NA,"NA"
"0","3","male",2,4,1,29.125,"Q","Master.",NA,"NA"
"1","2","male",30,0,0,13,"S","Mr.",NA,"NA"
"0","3","female",31,1,0,18,"S","Mrs.",NA,"NA"
"1","3","female",35,0,0,7.225,"C","Mrs.",NA,"NA"
"0","2","male",35,0,0,26,"S","Mr.",NA,"NA"
"1","2","male",34,0,0,13,"S","Mr.","Backbord","D"
"1","3","female",15,0,0,8.0292,"Q","Miss.",NA,"NA"
"1","1","male",28,0,0,35.5,"S","Mr.","Backbord","A"
"0","3","female",8,3,1,21.075,"S","Miss.",NA,"NA"
"1","3","female",38,1,5,31.3875,"S","Mrs.",NA,"NA"
"0","3","male",30,0,0,7.225,"C","Mr.",NA,"NA"
"0","1","male",19,3,2,263,"S","Mr.","Steuerbord","C C C"
"1","3","female",21,0,0,7.8792,"Q","Miss.",NA,"NA"
"0","3","male",30,0,0,7.8958,"S","Mr.",NA,"NA"
"0","1","male",40,0,0,27.7208,"C","Don.",NA,"NA"
"1","1","female",35,1,0,146.5208,"C","Mrs.","Backbord","B"
"1","3","female",21,0,0,7.75,"Q","Miss.",NA,"NA"
"0","2","male",66,0,0,10.5,"S","Mr.",NA,"NA"
"0","1","male",28,1,0,82.1708,"C","Mr.",NA,"NA"
"0","1","male",42,1,0,52,"S","Mr.",NA,"NA"
"1","3","male",30,0,0,7.2292,"C","Mr.",NA,"NA"
"0","3","male",21,0,0,8.05,"S","Mr.",NA,"NA"
"0","3","female",18,2,0,18,"S","Miss.",NA,"NA"
"1","3","female",14,1,0,11.2417,"C","Miss.",NA,"NA"
"0","3","female",40,1,0,9.475,"S","Mrs.",NA,"NA"
"0","2","female",27,1,0,21,"S","Mrs.",NA,"NA"
"0","3","male",30,0,0,7.8958,"C","Mr.",NA,"NA"
"1","2","female",3,1,2,41.5792,"C","Miss.",NA,"NA"
"1","3","female",19,0,0,7.8792,"Q","Miss.",NA,"NA"
"0","3","male",30,0,0,8.05,"S","Mr.",NA,"NA"
"0","3","male",30,1,0,15.5,"Q","Mr.",NA,"NA"
"1","3","female",21,0,0,7.75,"Q","Miss.",NA,"NA"
"0","3","male",30,2,0,21.6792,"C","Mr.",NA,"NA"
"0","3","female",18,1,0,17.8,"S","Mrs.",NA,"NA"
"0","3","male",7,4,1,39.6875,"S","Master.",NA,"NA"
"0","3","male",21,0,0,7.8,"S","Mr.",NA,"NA"
"1","1","female",49,1,0,76.7292,"C","Mrs.","Steuerbord","D"
"1","2","female",29,1,0,26,"S","Mrs.",NA,"NA"
"0","1","male",65,0,1,61.9792,"C","Mr.","Backbord","B"
"1","1","male",30,0,0,35.5,"S","Mr.","Backbord","C"
"1","2","female",21,0,0,10.5,"S","Miss.",NA,"NA"
"0","3","male",28.5,0,0,7.2292,"C","Mr.",NA,"NA"
"1","2","female",5,1,2,27.75,"S","Miss.",NA,"NA"
"0","3","male",11,5,2,46.9,"S","Master.",NA,"NA"
"0","3","male",22,0,0,7.2292,"C","Mr.",NA,"NA"
"1","1","female",38,0,0,80,"","Miss.","Backbord","B"
"0","1","male",45,1,0,83.475,"S","Mr.","Steuerbord","C"
"0","3","male",4,3,2,27.9,"S","Master.",NA,"NA"
"0","1","male",30,0,0,27.7208,"C","Mr.",NA,"NA"
"1","3","male",3.5,1,1,15.2458,"C","Master.",NA,"NA"
"1","2","female",29,0,0,10.5,"S","Mrs.","Steuerbord","F"
"0","3","male",19,0,0,8.1583,"S","Mr.",NA,"NA"
"1","3","female",17,4,2,7.925,"S","Miss.",NA,"NA"
"0","3","male",26,2,0,8.6625,"S","Mr.",NA,"NA"
"0","2","male",32,0,0,10.5,"S","Mr.",NA,"NA"
"0","3","female",16,5,2,46.9,"S","Miss.",NA,"NA"
"0","2","male",21,0,0,73.5,"S","Mr.",NA,"NA"
"0","3","male",26,1,0,14.4542,"C","Mr.",NA,"NA"
"1","3","male",32,0,0,56.4958,"S","Mr.",NA,"NA"
"0","3","male",25,0,0,7.65,"S","Mr.","Steuerbord","F G"
"0","3","male",30,0,0,7.8958,"S","Mr.",NA,"NA"
"0","3","male",30,0,0,8.05,"S","Mr.",NA,"NA"
"1","2","male",0.83,0,2,29,"S","Master.",NA,"NA"
"1","3","female",30,0,0,12.475,"S","Miss.",NA,"NA"
"0","3","male",22,0,0,9,"S","Mr.",NA,"NA"
"1","3","male",29,0,0,9.5,"S","Mr.",NA,"NA"
"1","3","female",21,0,0,7.7875,"Q","Miss.",NA,"NA"
"0","1","male",28,0,0,47.1,"S","Mr.",NA,"NA"
"1","2","female",17,0,0,10.5,"S","Miss.",NA,"NA"
"1","3","female",33,3,0,15.85,"S","Mrs.",NA,"NA"
"0","3","male",16,1,3,34.375,"S","Mr.",NA,"NA"
"0","3","male",30,0,0,8.05,"S","Mr.",NA,"NA"
"1","1","female",23,3,2,263,"S","Miss.","Steuerbord","C C C"
"0","3","male",24,0,0,8.05,"S","Mr.",NA,"NA"
"0","3","male",29,0,0,8.05,"S","Mr.",NA,"NA"
"0","3","male",20,0,0,7.8542,"S","Mr.",NA,"NA"
"0","1","male",46,1,0,61.175,"S","Mr.","Steuerbord","E"
"0","3","male",26,1,2,20.575,"S","Mr.",NA,"NA"
"0","3","male",59,0,0,7.25,"S","Mr.",NA,"NA"
"0","3","male",30,0,0,8.05,"S","Mr.",NA,"NA"
"0","1","male",71,0,0,34.6542,"C","Mr.","Steuerbord","A"
"1","1","male",23,0,1,63.3583,"C","Mr.","Backbord","D D"
"1","2","female",34,0,1,23,"S","Mrs.",NA,"NA"
"0","2","male",34,1,0,26,"S","Mr.",NA,"NA"
"0","3","female",28,0,0,7.8958,"S","Miss.",NA,"NA"
"0","3","male",30,0,0,7.8958,"S","Mr.",NA,"NA"
"0","1","male",21,0,1,77.2875,"S","Mr.","Backbord","D"
"0","3","male",33,0,0,8.6542,"S","Mr.",NA,"NA"
"0","3","male",37,2,0,7.925,"S","Mr.",NA,"NA"
"0","3","male",28,0,0,7.8958,"S","Mr.",NA,"NA"
"1","3","female",21,0,0,7.65,"S","Miss.",NA,"NA"
"1","3","male",30,0,0,7.775,"S","Mr.",NA,"NA"
"0","3","male",38,0,0,7.8958,"S","Mr.",NA,"NA"
"1","3","female",21,1,0,24.15,"Q","Miss.",NA,"NA"
"0","1","male",47,0,0,52,"S","Mr.","Backbord","C"
"0","3","female",14.5,1,0,14.4542,"C","Miss.",NA,"NA"
"0","3","male",22,0,0,8.05,"S","Mr.",NA,"NA"
"0","3","female",20,1,0,9.825,"S","Miss.",NA,"NA"
"0","3","female",17,0,0,14.4583,"C","Miss.",NA,"NA"
"0","3","male",21,0,0,7.925,"S","Mr.",NA,"NA"
"0","3","male",70.5,0,0,7.75,"Q","Mr.",NA,"NA"
"0","2","male",29,1,0,21,"S","Mr.",NA,"NA"
"0","1","male",24,0,1,247.5208,"C","Mr.","Backbord","B B"
"0","3","female",2,4,2,31.275,"S","Miss.",NA,"NA"
"0","2","male",21,2,0,73.5,"S","Mr.",NA,"NA"
"0","3","male",30,0,0,8.05,"S","Mr.",NA,"NA"
"0","2","male",32.5,1,0,30.0708,"C","Mr.",NA,"NA"
"1","2","female",32.5,0,0,13,"S","Miss.","Steuerbord","E"
"0","1","male",54,0,1,77.2875,"S","Mr.","Backbord","D"
"1","3","male",12,1,0,11.2417,"C","Master.",NA,"NA"
"0","3","male",30,0,0,7.75,"Q","Mr.",NA,"NA"
"1","3","male",24,0,0,7.1417,"S","Mr.",NA,"NA"
"1","3","female",21,1,1,22.3583,"C","Miss.","Steuerbord","F E"
"0","3","male",45,0,0,6.975,"S","Mr.",NA,"NA"
"0","3","male",33,0,0,7.8958,"C","Mr.",NA,"NA"
"0","3","male",20,0,0,7.05,"S","Mr.",NA,"NA"
"0","3","female",47,1,0,14.5,"S","Mrs.",NA,"NA"
"1","2","female",29,1,0,26,"S","Mrs.",NA,"NA"
"0","2","male",25,0,0,13,"S","Mr.",NA,"NA"
"0","2","male",23,0,0,15.0458,"C","Mr.",NA,"NA"
"1","1","female",19,0,2,26.2833,"S","Miss.","Steuerbord","D"
"0","1","male",37,1,0,53.1,"S","Mr.","Steuerbord","C"
"0","3","male",16,0,0,9.2167,"S","Mr.",NA,"NA"
"0","1","male",24,0,0,79.2,"C","Mr.","Backbord","B"
"0","3","female",35,0,2,15.2458,"C","Mrs.",NA,"NA"
"1","3","female",22,0,0,7.75,"S","Miss.",NA,"NA"
"1","3","female",24,1,0,15.85,"S","Mrs.",NA,"NA"
"0","3","male",19,0,0,6.75,"Q","Mr.",NA,"NA"
"0","2","male",18,0,0,11.5,"S","Mr.",NA,"NA"
"0","2","male",19,1,1,36.75,"S","Mr.",NA,"NA"
"1","3","male",27,0,0,7.7958,"S","Mr.",NA,"NA"
"0","3","female",9,2,2,34.375,"S","Miss.",NA,"NA"
"0","2","male",36.5,0,2,26,"S","Mr.","Backbord","F"
"0","2","male",42,0,0,13,"S","Rev.",NA,"NA"
"0","2","male",51,0,0,12.525,"S","Rev.",NA,"NA"
"1","1","female",22,1,0,66.6,"S","Mrs.","Backbord","C"
"0","3","male",55.5,0,0,8.05,"S","Mr.",NA,"NA"
"0","3","male",40.5,0,2,14.5,"S","Mr.",NA,"NA"
"0","3","male",30,0,0,7.3125,"S","Mr.",NA,"NA"
"0","1","male",51,0,1,61.3792,"C","Mr.",NA,"NA"
"1","3","female",16,0,0,7.7333,"Q","Miss.",NA,"NA"
"0","3","male",30,0,0,8.05,"S","Mr.",NA,"NA"
"0","3","male",30,0,0,8.6625,"S","Mr.",NA,"NA"
"0","3","male",3.5,8,2,69.55,"S","Master.",NA,"NA"
"0","3","male",44,0,1,16.1,"S","Mr.",NA,"NA"
"1","2","female",40,0,0,15.75,"S","Mrs.",NA,"NA"
"0","3","male",26,0,0,7.775,"S","Mr.",NA,"NA"
"0","3","male",17,0,0,8.6625,"S","Mr.",NA,"NA"
"0","3","male",1,4,1,39.6875,"S","Master.",NA,"NA"
"1","3","male",9,0,2,20.525,"S","Master.",NA,"NA"
"1","1","female",35,0,1,55,"S","Mrs.","Steuerbord","E"
"0","3","female",45,1,4,27.9,"S","Mrs.",NA,"NA"
"0","1","male",30,0,0,25.925,"S","Mr.",NA,"NA"
"0","3","male",28,0,0,56.4958,"S","Mr.",NA,"NA"
"0","1","male",61,0,0,33.5,"S","Mr.","Steuerbord","B"
"0","3","male",4,4,1,29.125,"Q","Master.",NA,"NA"
"1","3","female",1,1,1,11.1333,"S","Miss.",NA,"NA"
"0","3","male",21,0,0,7.925,"S","Mr.",NA,"NA"
"0","1","male",56,0,0,30.6958,"C","Mr.","Steuerbord","A"
"0","3","male",18,1,1,7.8542,"S","Mr.",NA,"NA"
"0","3","male",3.5,3,1,25.4667,"S","Master.",NA,"NA"
"0","1","female",50,0,0,28.7125,"C","Miss.","Steuerbord","C"
"0","2","male",30,0,0,13,"S","Mr.",NA,"NA"
"0","3","male",36,0,0,0,"S","Mr.",NA,"NA"
"0","3","female",21,8,2,69.55,"S","Miss.",NA,"NA"
"0","2","male",30,0,0,15.05,"C","Mr.",NA,"NA"
"0","3","male",9,4,2,31.3875,"S","Master.",NA,"NA"
"1","2","male",1,2,1,39,"S","Master.","Backbord","F"
"1","3","female",4,0,2,22.025,"S","Miss.",NA,"NA"
"0","1","male",30,0,0,50,"S","Mr.","Backbord","A"
"1","3","female",35,1,0,15.5,"Q","Mrs.",NA,"NA"
"1","1","male",45,0,0,26.55,"S","Mr.",NA,"NA"
"0","3","male",40,1,1,15.5,"Q","Mr.",NA,"NA"
"0","3","male",36,0,0,7.8958,"S","Mr.",NA,"NA"
"1","2","female",32,0,0,13,"S","Mrs.",NA,"NA"
"0","2","male",19,0,0,13,"S","Mr.",NA,"NA"
"1","3","female",19,1,0,7.8542,"S","Miss.",NA,"NA"
"1","2","male",3,1,1,26,"S","Master.","Backbord","F"
"1","1","female",44,0,0,27.7208,"C","Mrs.","Backbord","B"
"1","1","female",58,0,0,146.5208,"C","Miss.","Backbord","B"
"0","3","male",30,0,0,7.75,"Q","Mr.",NA,"NA"
"0","3","male",42,0,1,8.4042,"S","Mr.",NA,"NA"
"1","3","female",21,0,0,7.75,"Q","Miss.",NA,"NA"
"0","2","female",24,0,0,13,"S","Miss.",NA,"NA"
"0","3","male",28,0,0,9.5,"S","Mr.",NA,"NA"
"0","3","male",30,8,2,69.55,"S","Mr.",NA,"NA"
"0","3","male",34,0,0,6.4958,"S","Mr.",NA,"NA"
"0","3","male",45.5,0,0,7.225,"C","Mr.",NA,"NA"
"1","3","male",18,0,0,8.05,"S","Mr.",NA,"NA"
"0","3","female",2,0,1,10.4625,"S","Miss.","Backbord","G"
"0","3","male",32,1,0,15.85,"S","Mr.",NA,"NA"
"1","3","male",26,0,0,18.7875,"C","Mr.",NA,"NA"
"1","3","female",16,0,0,7.75,"Q","Miss.",NA,"NA"
"1","1","male",40,0,0,31,"C","Mr.","Steuerbord","A"
"0","3","male",24,0,0,7.05,"S","Mr.",NA,"NA"
"1","2","female",35,0,0,21,"S","Miss.",NA,"NA"
"0","3","male",22,0,0,7.25,"S","Mr.",NA,"NA"
"0","2","male",30,0,0,13,"S","Mr.",NA,"NA"
"0","3","male",30,1,0,7.75,"Q","Mr.",NA,"NA"
"1","1","female",31,1,0,113.275,"C","Miss.","Backbord","D"
"1","3","female",27,0,0,7.925,"S","Miss.",NA,"NA"
"0","2","male",42,1,0,27,"S","Mr.",NA,"NA"
"1","1","female",32,0,0,76.2917,"C","Miss.","Steuerbord","D"
"0","2","male",30,0,0,10.5,"S","Mr.",NA,"NA"
"1","3","male",16,0,0,8.05,"S","Mr.",NA,"NA"
"0","2","male",27,0,0,13,"S","Mr.",NA,"NA"
"0","3","male",51,0,0,8.05,"S","Mr.",NA,"NA"
"0","3","male",30,0,0,7.8958,"S","Mr.",NA,"NA"
"1","1","male",38,1,0,90,"S","Mr.","Steuerbord","C"
"0","3","male",22,0,0,9.35,"S","Mr.",NA,"NA"
"1","2","male",19,0,0,10.5,"S","Mr.",NA,"NA"
"0","3","male",20.5,0,0,7.25,"S","Mr.",NA,"NA"
"0","2","male",18,0,0,13,"S","Mr.",NA,"NA"
"0","3","female",21,3,1,25.4667,"S","Miss.",NA,"NA"
"1","1","female",35,1,0,83.475,"S","Mrs.","Steuerbord","C"
"0","3","male",29,0,0,7.775,"S","Mr.",NA,"NA"
"0","2","male",59,0,0,13.5,"S","Mr.",NA,"NA"
"1","3","female",5,4,2,31.3875,"S","Miss.",NA,"NA"
"0","2","male",24,0,0,10.5,"S","Mr.",NA,"NA"
"0","3","female",21,0,0,7.55,"S","Miss.",NA,"NA"
"0","2","male",44,1,0,26,"S","Mr.",NA,"NA"
"1","2","female",8,0,2,26.25,"S","Miss.",NA,"NA"
"0","2","male",19,0,0,10.5,"S","Mr.",NA,"NA"
"0","2","male",33,0,0,12.275,"S","Mr.",NA,"NA"
"0","3","female",21,1,0,14.4542,"C","Miss.",NA,"NA"
"1","3","female",21,1,0,15.5,"Q","Miss.",NA,"NA"
"0","2","male",29,0,0,10.5,"S","Mr.",NA,"NA"
"0","3","male",22,0,0,7.125,"S","Mr.",NA,"NA"
"0","3","male",30,0,0,7.225,"C","Mr.",NA,"NA"
"0","1","male",44,2,0,90,"Q","Dr.","Backbord","C"
"0","3","female",25,0,0,7.775,"S","Miss.",NA,"NA"
"1","2","female",24,0,2,14.5,"S","Mrs.",NA,"NA"
"1","1","male",37,1,1,52.5542,"S","Mr.","Steuerbord","D"
"0","2","male",54,1,0,26,"S","Rev.",NA,"NA"
"0","3","male",30,0,0,7.25,"S","Mr.",NA,"NA"
"0","3","female",29,1,1,10.4625,"S","Mrs.","Backbord","G"
"0","1","male",62,0,0,26.55,"S","Mr.","Steuerbord","C"
"0","3","male",30,1,0,16.1,"S","Mr.",NA,"NA"
"0","3","female",41,0,2,20.2125,"S","Mrs.",NA,"NA"
"1","3","female",29,0,2,15.2458,"C","Mrs.",NA,"NA"
"1","1","female",35,0,0,79.2,"C","Mrs.",NA,"NA"
"1","1","female",30,0,0,86.5,"S","Miss.","Steuerbord","B"
"1","1","female",35,0,0,512.3292,"C","Miss.",NA,"NA"
"1","2","female",50,0,1,26,"S","Mrs.",NA,"NA"
"0","3","male",30,0,0,7.75,"Q","Mr.",NA,"NA"
"1","3","male",3,4,2,31.3875,"S","Master.",NA,"NA"
"0","1","male",52,1,1,79.65,"S","Mr.","Steuerbord","E"
"0","1","male",40,0,0,0,"S","Mr.","Backbord","B"
"0","3","female",21,0,0,7.75,"Q","Miss.",NA,"NA"
"0","2","male",36,0,0,10.5,"S","Mr.",NA,"NA"
"0","3","male",16,4,1,39.6875,"S","Mr.",NA,"NA"
"1","3","male",25,1,0,7.775,"S","Mr.",NA,"NA"
"1","1","female",58,0,1,153.4625,"S","Mrs.","Steuerbord","C"
"1","1","female",35,0,0,135.6333,"S","Miss.","Steuerbord","C"
"0","1","male",30,0,0,31,"S","Mr.",NA,"NA"
"1","3","male",25,0,0,0,"S","Mr.",NA,"NA"
"1","2","female",41,0,1,19.5,"S","Mrs.",NA,"NA"
"0","1","male",37,0,1,29.7,"C","Mr.","Backbord","C"
"1","3","female",21,0,0,7.75,"Q","Miss.",NA,"NA"
"1","1","female",63,1,0,77.9583,"S","Miss.","Steuerbord","D"
"0","3","female",45,0,0,7.75,"S","Miss.",NA,"NA"
"0","2","male",30,0,0,0,"S","Mr.",NA,"NA"
"0","3","male",7,4,1,29.125,"Q","Master.",NA,"NA"
"1","3","female",35,1,1,20.25,"S","Mrs.",NA,"NA"
"0","3","male",65,0,0,7.75,"Q","Mr.",NA,"NA"
"0","3","male",28,0,0,7.8542,"S","Mr.",NA,"NA"
"0","3","male",16,0,0,9.5,"S","Mr.",NA,"NA"
"1","3","male",19,0,0,8.05,"S","Mr.",NA,"NA"
"0","1","male",30,0,0,26,"S","Mr.","Steuerbord","A"
"0","3","male",33,0,0,8.6625,"C","Mr.",NA,"NA"
"1","3","male",30,0,0,9.5,"S","Mr.",NA,"NA"
"0","3","male",22,0,0,7.8958,"S","Mr.",NA,"NA"
"1","2","male",42,0,0,13,"S","Mr.",NA,"NA"
"1","3","female",22,0,0,7.75,"Q","Miss.",NA,"NA"
"1","1","female",26,0,0,78.85,"S","Miss.",NA,"NA"
"1","1","female",19,1,0,91.0792,"C","Mrs.","Steuerbord","B"
"0","2","male",36,0,0,12.875,"C","Mr.",NA,"D"
"0","3","female",24,0,0,8.85,"S","Miss.",NA,"NA"
"0","3","male",24,0,0,7.8958,"S","Mr.",NA,"NA"
"0","1","male",30,0,0,27.7208,"C","Mr.",NA,"NA"
"0","3","male",23.5,0,0,7.2292,"C","Mr.",NA,"NA"
"0","1","female",2,1,2,151.55,"S","Miss.","Backbord","C C"
"1","1","male",30,0,0,30.5,"S","Mr.","Backbord","C"
"1","1","female",50,0,1,247.5208,"C","Mrs.",NA,"B B"
"1","3","female",21,0,0,7.75,"Q","Miss.",NA,"NA"
"1","3","male",30,2,0,23.25,"Q","Mr.",NA,"NA"
"0","3","male",19,0,0,0,"S","Mr.",NA,"NA"
"1","2","female",21,0,0,12.35,"Q","Miss.","Steuerbord","E"
"0","3","male",30,0,0,8.05,"S","Mr.",NA,"NA"
"1","1","male",0.92,1,2,151.55,"S","Master.","Backbord","C C"
"1","1","female",21,0,0,110.8833,"C","Miss.",NA,"NA"
"1","1","female",17,1,0,108.9,"C","Mrs.","Steuerbord","C"
"0","2","male",30,1,0,24,"C","Mr.",NA,"NA"
"1","1","female",30,0,0,56.9292,"C","Miss.","Backbord","E"
"1","1","female",24,0,0,83.1583,"C","Miss.","Backbord","C"
"1","1","female",18,2,2,262.375,"C","Miss.","Backbord und Steuerbord","B B B B"
"0","2","female",26,1,1,26,"S","Mrs.",NA,"NA"
"0","3","male",28,0,0,7.8958,"S","Mr.",NA,"NA"
"0","2","male",43,1,1,26.25,"S","Mr.",NA,"NA"
"1","3","female",26,0,0,7.8542,"S","Miss.",NA,"NA"
"1","2","female",24,1,0,26,"S","Mrs.",NA,"NA"
"0","2","male",54,0,0,14,"S","Dr.",NA,"NA"
"1","1","female",31,0,2,164.8667,"S","Miss.","Steuerbord","C"
"1","1","female",40,1,1,134.5,"C","Mrs.","Backbord","E"
"0","3","male",22,0,0,7.25,"S","Mr.",NA,"NA"
"0","3","male",27,0,0,7.8958,"S","Mr.",NA,"NA"
"1","2","female",30,0,0,12.35,"Q","Miss.",NA,"NA"
"1","2","female",22,1,1,29,"S","Mrs.",NA,"NA"
"0","3","male",30,8,2,69.55,"S","Mr.",NA,"NA"
"1","1","female",36,0,0,135.6333,"C","Miss.","Backbord","C"
"0","3","male",61,0,0,6.2375,"S","Mr.",NA,"NA"
"1","2","female",36,0,0,13,"S","Mrs.",NA,"D"
"1","3","female",31,1,1,20.525,"S","Mrs.",NA,"NA"
"1","1","female",16,0,1,57.9792,"C","Miss.","Backbord","B"
"1","3","female",21,2,0,23.25,"Q","Miss.",NA,"NA"
"0","1","male",45.5,0,0,28.5,"S","Mr.","Backbord","C"
"0","1","male",38,0,1,153.4625,"S","Mr.","Steuerbord","C"
"0","3","male",16,2,0,18,"S","Mr.",NA,"NA"
"1","1","female",35,1,0,133.65,"S","Mrs.",NA,"NA"
"0","3","male",30,0,0,7.8958,"S","Mr.",NA,"NA"
"0","1","male",29,1,0,66.6,"S","Mr.","Backbord","C"
"1","1","female",41,0,0,134.5,"C","Miss.","Backbord","E"
"1","3","male",45,0,0,8.05,"S","Mr.",NA,"NA"
"0","1","male",45,0,0,35.5,"S","Mr.",NA,"T"
"1","2","male",2,1,1,26,"S","Master.","Backbord","F"
"1","1","female",24,3,2,263,"S","Miss.","Steuerbord","C C C"
"0","2","male",28,0,0,13,"S","Mr.",NA,"NA"
"0","2","male",25,0,0,13,"S","Mr.",NA,"NA"
"0","2","male",36,0,0,13,"S","Mr.",NA,"NA"
"1","2","female",24,0,0,13,"S","Miss.","Steuerbord","F"
"1","2","female",40,0,0,13,"S","Miss.",NA,"NA"
"1","3","female",35,1,0,16.1,"S","Mrs.",NA,"NA"
"1","3","male",3,1,1,15.9,"S","Master.",NA,"NA"
"0","3","male",42,0,0,8.6625,"S","Mr.",NA,"NA"
"0","3","male",23,0,0,9.225,"S","Mr.",NA,"NA"
"0","1","male",30,0,0,35,"S","Mr.","Backbord","C"
"0","3","male",15,1,1,7.2292,"C","Mr.",NA,"NA"
"0","3","male",25,1,0,17.8,"S","Mr.",NA,"NA"
"0","3","male",30,0,0,7.225,"C","Mr.",NA,"NA"
"0","3","male",28,0,0,9.5,"S","Mr.",NA,"NA"
"1","1","female",22,0,1,55,"S","Miss.","Steuerbord","E"
"0","2","female",38,0,0,13,"S","Miss.",NA,"NA"
"1","3","female",21,0,0,7.8792,"Q","Miss.",NA,"NA"
"1","3","female",21,0,0,7.8792,"Q","Miss.",NA,"NA"
"0","3","male",40,1,4,27.9,"S","Mr.",NA,"NA"
"0","2","male",29,1,0,27.7208,"C","Mr.",NA,"NA"
"0","3","female",45,0,1,14.4542,"C","Mrs.",NA,"NA"
"0","3","male",35,0,0,7.05,"S","Mr.",NA,"NA"
"0","3","male",30,1,0,15.5,"Q","Mr.",NA,"NA"
"0","3","male",30,0,0,7.25,"S","Mr.",NA,"NA"
"1","1","female",60,1,0,75.25,"C","Mrs.","Steuerbord","D"
"1","3","female",35,0,0,7.2292,"C","Mrs.",NA,"NA"
"1","3","female",21,0,0,7.75,"Q","Miss.",NA,"NA"
"1","1","female",24,0,0,69.3,"C","Mrs.","Steuerbord","B"
"1","1","male",25,1,0,55.4417,"C","Mr.","Backbord","E"
"0","3","male",18,1,0,6.4958,"S","Mr.",NA,"NA"
"0","3","male",19,0,0,8.05,"S","Mr.",NA,"NA"
"0","1","male",22,0,0,135.6333,"C","Mr.",NA,"NA"
"0","3","female",3,3,1,21.075,"S","Miss.",NA,"NA"
"1","1","female",35,1,0,82.1708,"C","Mrs.",NA,"NA"
"1","3","female",22,0,0,7.25,"S","Miss.",NA,"NA"
"0","1","male",27,0,2,211.5,"C","Mr.","Backbord","C"
"0","3","male",20,0,0,4.0125,"C","Mr.",NA,"NA"
"0","3","male",19,0,0,7.775,"S","Mr.",NA,"NA"
"1","1","female",42,0,0,227.525,"C","Miss.",NA,"NA"
"1","3","female",1,0,2,15.7417,"C","Miss.",NA,"NA"
"0","3","male",32,0,0,7.925,"S","Mr.",NA,"NA"
"1","1","female",35,1,0,52,"S","Mrs.",NA,"NA"
"0","3","male",30,0,0,7.8958,"S","Mr.",NA,"NA"
"0","2","male",18,0,0,73.5,"S","Mr.",NA,"NA"
"0","3","male",1,5,2,46.9,"S","Master.",NA,"NA"
"1","2","female",36,0,0,13,"S","Miss.",NA,"NA"
"0","3","male",30,0,0,7.7292,"Q","Mr.",NA,"NA"
"1","2","female",17,0,0,12,"C","Miss.",NA,"NA"
"1","1","male",36,1,2,120,"S","Mr.","Backbord","B B"
"1","3","male",21,0,0,7.7958,"S","Mr.",NA,"NA"
"0","3","male",28,2,0,7.925,"S","Mr.",NA,"NA"
"1","1","female",23,1,0,113.275,"C","Miss.","Backbord","D"
"1","3","female",24,0,2,16.7,"S","Mrs.","Backbord","G"
"0","3","male",22,0,0,7.7958,"S","Mr.",NA,"NA"
"0","3","female",31,0,0,7.8542,"S","Miss.",NA,"NA"
"0","2","male",46,0,0,26,"S","Mr.",NA,"NA"
"0","2","male",23,0,0,10.5,"S","Dr.",NA,"NA"
"1","2","female",28,0,0,12.65,"S","Mrs.",NA,"NA"
"1","3","male",39,0,0,7.925,"S","Mr.",NA,"NA"
"0","3","male",26,0,0,8.05,"S","Mr.",NA,"NA"
"0","3","female",21,1,0,9.825,"S","Miss.",NA,"NA"
"0","3","male",28,1,0,15.85,"S","Mr.",NA,"NA"
"0","3","female",20,0,0,8.6625,"S","Miss.",NA,"NA"
"0","2","male",34,1,0,21,"S","Mr.",NA,"NA"
"0","3","male",51,0,0,7.75,"S","Mr.",NA,"NA"
"1","2","male",3,1,1,18.75,"S","Master.",NA,"NA"
"0","3","male",21,0,0,7.775,"S","Mr.",NA,"NA"
"0","3","female",21,3,1,25.4667,"S","Miss.",NA,"NA"
"0","3","male",30,0,0,7.8958,"S","Mr.",NA,"NA"
"0","3","male",30,0,0,6.8583,"Q","Mr.",NA,"NA"
"1","1","female",33,1,0,90,"Q","Miss.","Backbord","C"
"0","2","male",30,0,0,0,"S","Mr.",NA,"NA"
"1","3","male",44,0,0,7.925,"S","Mr.",NA,"NA"
"0","3","female",35,0,0,8.05,"S","Mrs.",NA,"NA"
"1","2","female",34,1,1,32.5,"S","Mrs.",NA,"NA"
"1","2","female",18,0,2,13,"S","Miss.",NA,"NA"
"0","2","male",30,0,0,13,"S","Mr.",NA,"NA"
"0","3","female",10,0,2,24.15,"S","Miss.",NA,"NA"
"0","3","male",30,0,0,7.8958,"C","Mr.",NA,"NA"
"0","3","male",21,0,0,7.7333,"Q","Mr.",NA,"NA"
"0","3","male",29,0,0,7.875,"S","Mr.",NA,"NA"
"0","3","female",28,1,1,14.4,"S","Mrs.",NA,"NA"
"0","3","male",18,1,1,20.2125,"S","Mr.",NA,"NA"
"0","3","male",30,0,0,7.25,"S","Mr.",NA,"NA"
"1","2","female",28,1,0,26,"S","Mrs.",NA,"NA"
"1","2","female",19,0,0,26,"S","Miss.",NA,"NA"
"0","3","male",30,0,0,7.75,"Q","Mr.",NA,"NA"
"1","3","male",32,0,0,8.05,"S","Mr.","Backbord","E"
"1","1","male",28,0,0,26.55,"S","Mr.","Backbord","C"
"1","3","female",35,1,0,16.1,"S","Mrs.",NA,"NA"
"1","2","female",42,1,0,26,"S","Mrs.",NA,"NA"
"0","3","male",17,0,0,7.125,"S","Mr.",NA,"NA"
"0","1","male",50,1,0,55.9,"S","Mr.","Backbord","E"
"1","1","female",14,1,2,120,"S","Miss.","Backbord","B B"
"0","3","female",21,2,2,34.375,"S","Miss.",NA,"NA"
"1","2","female",24,2,3,18.75,"S","Mrs.",NA,"NA"
"0","1","male",64,1,4,263,"S","Mr.","Steuerbord","C C C"
"0","2","male",31,0,0,10.5,"S","Mr.",NA,"NA"
"1","2","female",45,1,1,26.25,"S","Mrs.",NA,"NA"
"0","3","male",20,0,0,9.5,"S","Mr.",NA,"NA"
"0","3","male",25,1,0,7.775,"S","Mr.",NA,"NA"
"1","2","female",28,0,0,13,"S","Miss,",NA,"NA"
"1","3","male",30,0,0,8.1125,"S","Mr.",NA,"NA"
"1","1","male",4,0,2,81.8583,"S","Master.","Backbord","A"
"1","2","female",13,0,1,19.5,"S","Miss.",NA,"NA"
"1","1","male",34,0,0,26.55,"S","Mr.",NA,"NA"
"1","3","female",5,2,1,19.2583,"C","Miss.",NA,"NA"
"1","1","male",52,0,0,30.5,"S","Major.","Backbord","C"
"0","2","male",36,1,2,27.75,"S","Mr.",NA,"NA"
"0","3","male",30,1,0,19.9667,"S","Mr.",NA,"NA"
"0","1","male",30,0,0,27.75,"C","Mr.","Steuerbord","C"
"1","1","male",49,1,0,89.1042,"C","Mr.","Backbord","C"
"0","3","male",30,0,0,8.05,"S","Mr.",NA,"NA"
"1","3","male",29,0,0,7.8958,"C","Mr.",NA,"NA"
"0","1","male",65,0,0,26.55,"S","Mr.","Backbord","E"
"1","1","female",35,1,0,51.8625,"S","Mrs.","Steuerbord","D"
"1","2","female",50,0,0,10.5,"S","Miss.",NA,"NA"
"0","3","male",30,0,0,7.75,"Q","Mr.",NA,"NA"
"1","1","male",48,0,0,26.55,"S","Mr.","Backbord","E"
"0","3","male",34,0,0,8.05,"S","Mr.",NA,"NA"
"0","1","male",47,0,0,38.5,"S","Mr.","Steuerbord","E"
"0","2","male",48,0,0,13,"S","Mr.",NA,"NA"
"0","3","male",30,0,0,8.05,"S","Mr.",NA,"NA"
"0","3","male",38,0,0,7.05,"S","Mr.",NA,"NA"
"0","2","male",30,0,0,0,"S","Mr.",NA,"NA"
"0","1","male",56,0,0,26.55,"S","Mr.",NA,"NA"
"0","3","male",30,0,0,7.725,"Q","Mr.",NA,"NA"
"1","3","female",0.75,2,1,19.2583,"C","Miss.",NA,"NA"
"0","3","male",30,0,0,7.25,"S","Mr.",NA,"NA"
"0","3","male",38,0,0,8.6625,"S","Mr.",NA,"NA"
"1","2","female",33,1,2,27.75,"S","Mrs.",NA,"NA"
"1","2","female",23,0,0,13.7917,"C","Mrs.",NA,"D"
"0","3","female",22,0,0,9.8375,"S","Miss.",NA,"NA"
"0","1","male",30,0,0,52,"S","Mr.","Backbord","A"
"0","2","male",34,1,0,21,"S","Mr.",NA,"NA"
"0","3","male",29,1,0,7.0458,"S","Mr.",NA,"NA"
"0","3","male",22,0,0,7.5208,"S","Mr.",NA,"NA"
"1","3","female",2,0,1,12.2875,"S","Miss.",NA,"NA"
"0","3","male",9,5,2,46.9,"S","Master.",NA,"NA"
"0","2","male",30,0,0,0,"S","Mr.",NA,"NA"
"0","3","male",50,0,0,8.05,"S","Mr.",NA,"NA"
"1","3","female",63,0,0,9.5875,"S","Mrs.",NA,"NA"
"1","1","male",25,1,0,91.0792,"C","Mr.","Steuerbord","B"
"0","3","female",21,3,1,25.4667,"S","Miss.",NA,"NA"
"1","1","female",35,1,0,90,"S","Mrs.","Steuerbord","C"
"0","1","male",58,0,0,29.7,"C","Mr.","Steuerbord","B"
"0","3","male",30,0,0,8.05,"S","Mr.",NA,"NA"
"1","3","male",9,1,1,15.9,"S","Master.",NA,"NA"
"0","3","male",30,1,0,19.9667,"S","Mr.",NA,"NA"
"0","3","male",21,0,0,7.25,"S","Mr.",NA,"NA"
"0","1","male",55,0,0,30.5,"S","Mr.","Backbord","C"
"0","1","male",71,0,0,49.5042,"C","Mr.",NA,"NA"
"0","3","male",21,0,0,8.05,"S","Mr.",NA,"NA"
"0","3","male",30,0,0,14.4583,"C","Mr.",NA,"NA"
"1","1","female",54,1,0,78.2667,"C","Miss.","Backbord","D"
"0","3","male",30,0,0,15.1,"S","Mr.",NA,"NA"
"0","1","female",25,1,2,151.55,"S","Mrs.","Backbord","C C"
"0","3","male",24,0,0,7.7958,"S","Mr.",NA,"NA"
"0","3","male",17,0,0,8.6625,"S","Mr.",NA,"NA"
"0","3","female",21,0,0,7.75,"Q","Miss.",NA,"NA"
"0","3","female",21,0,0,7.6292,"Q","Miss.",NA,"NA"
"0","3","female",37,0,0,9.5875,"S","Miss.",NA,"NA"
"1","1","female",16,0,0,86.5,"S","Miss.","Steuerbord","B"
"0","1","male",18,1,0,108.9,"C","Mr.","Steuerbord","C"
"1","2","female",33,0,2,26,"S","Mrs.",NA,"NA"
"1","1","male",30,0,0,26.55,"S","Mr.",NA,"NA"
"0","3","male",28,0,0,22.525,"S","Mr.",NA,"NA"
"1","3","male",26,0,0,56.4958,"S","Mr.",NA,"NA"
"1","3","male",29,0,0,7.75,"Q","Mr.",NA,"NA"
"0","3","male",30,0,0,8.05,"S","Mr.",NA,"NA"
"1","1","male",36,0,0,26.2875,"S","Mr.","Steuerbord","E"
"1","1","female",54,1,0,59.4,"C","Mrs.",NA,"NA"
"0","3","male",24,0,0,7.4958,"S","Mr.",NA,"NA"
"0","1","male",47,0,0,34.0208,"S","Mr.","Backbord","D"
"1","2","female",34,0,0,10.5,"S","Mrs.","Steuerbord","F"
"0","3","male",30,0,0,24.15,"Q","Mr.",NA,"NA"
"1","2","female",36,1,0,26,"S","Mrs.",NA,"NA"
"0","3","male",32,0,0,7.8958,"S","Mr.",NA,"NA"
"1","1","female",30,0,0,93.5,"S","Miss.","Steuerbord","B"
"0","3","male",22,0,0,7.8958,"S","Mr.",NA,"NA"
"0","3","male",30,0,0,7.225,"C","Mr.",NA,"NA"
"1","1","female",44,0,1,57.9792,"C","Mrs.","Backbord","B"
"0","3","male",30,0,0,7.2292,"C","Mr.",NA,"NA"
"0","3","male",40.5,0,0,7.75,"Q","Mr.",NA,"NA"
"1","2","female",50,0,0,10.5,"S","Miss.",NA,"NA"
"0","1","male",30,0,0,221.7792,"S","Mr.","Steuerbord","C"
"0","3","male",39,0,0,7.925,"S","Mr.",NA,"NA"
"0","2","male",23,2,1,11.5,"S","Mr.",NA,"NA"
"1","2","female",2,1,1,26,"S","Miss.",NA,"NA"
"0","3","male",30,0,0,7.2292,"C","Mr.",NA,"NA"
"0","3","male",17,1,1,7.2292,"C","Mr.",NA,"NA"
"1","3","female",35,0,2,22.3583,"C","Mrs.",NA,"NA"
"0","3","female",30,0,0,8.6625,"S","Miss.",NA,"NA"
"1","2","female",7,0,2,26.25,"S","Miss.",NA,"NA"
"0","1","male",45,0,0,26.55,"S","Major.","Backbord","B"
"1","1","female",30,0,0,106.425,"C","Miss.",NA,"NA"
"0","3","male",30,0,0,14.5,"S","Mr.",NA,"NA"
"1","1","female",22,0,2,49.5,"C","Miss.","Steuerbord","B"
"1","1","female",36,0,2,71,"S","Miss.","Backbord","B"
"0","3","female",9,4,2,31.275,"S","Miss.",NA,"NA"
"0","3","female",11,4,2,31.275,"S","Miss.",NA,"NA"
"1","2","male",32,1,0,26,"S","Mr.",NA,"NA"
"0","1","male",50,1,0,106.425,"C","Mr.","Backbord","C"
"0","1","male",64,0,0,26,"S","Mr.",NA,"NA"
"1","2","female",19,1,0,26,"S","Mrs.",NA,"NA"
"1","2","male",30,0,0,13.8625,"C","Mr.",NA,"NA"
"0","3","male",33,1,1,20.525,"S","Mr.",NA,"NA"
"1","2","male",8,1,1,36.75,"S","Master.",NA,"NA"
"1","1","male",17,0,2,110.8833,"C","Mr.","Backbord","C"
"0","2","male",27,0,0,26,"S","Mr.",NA,"NA"
"0","3","male",30,0,0,7.8292,"Q","Mr.",NA,"NA"
"1","3","male",22,0,0,7.225,"C","Mr.",NA,"NA"
"1","3","female",22,0,0,7.775,"S","Miss.",NA,"NA"
"0","1","male",62,0,0,26.55,"S","Mr.",NA,"NA"
"1","1","female",48,1,0,39.6,"C","Lady.","Backbord","A"
"0","1","male",30,0,0,227.525,"C","Mr.",NA,"NA"
"1","1","female",39,1,1,79.65,"S","Mrs.","Steuerbord","E"
"1","3","female",36,1,0,17.4,"S","Mrs.",NA,"NA"
"0","3","male",30,0,0,7.75,"Q","Mr.",NA,"NA"
"0","3","male",40,0,0,7.8958,"S","Mr.",NA,"NA"
"0","2","male",28,0,0,13.5,"S","Mr.",NA,"NA"
"0","3","male",30,0,0,8.05,"S","Mr.",NA,"NA"
"0","3","female",21,0,0,8.05,"S","Miss.",NA,"NA"
"0","3","male",24,2,0,24.15,"S","Mr.",NA,"NA"
"0","3","male",19,0,0,7.8958,"S","Mr.",NA,"NA"
"0","3","female",29,0,4,21.075,"S","Mrs.",NA,"NA"
"0","3","male",30,0,0,7.2292,"C","Mr.",NA,"NA"
"1","3","male",32,0,0,7.8542,"S","Mr.",NA,"NA"
"1","2","male",62,0,0,10.5,"S","Mr.",NA,"NA"
"1","1","female",53,2,0,51.4792,"S","Mrs.","Steuerbord","C"
"1","1","male",36,0,0,26.3875,"S","Mr.","Steuerbord","E"
"1","3","female",21,0,0,7.75,"Q","Miss.",NA,"NA"
"0","3","male",16,0,0,8.05,"S","Mr.",NA,"NA"
"0","3","male",19,0,0,14.5,"S","Mr.",NA,"NA"
"1","2","female",34,0,0,13,"S","Miss.",NA,"NA"
"1","1","female",39,1,0,55.9,"S","Mrs.","Backbord","E"
"0","3","female",35,1,0,14.4583,"C","Mrs.",NA,"NA"
"1","3","male",32,0,0,7.925,"S","Mr.",NA,"NA"
"1","2","female",25,1,1,30,"S","Miss.",NA,"NA"
"1","1","female",39,1,1,110.8833,"C","Mrs.","Backbord","C"
"0","2","male",54,0,0,26,"S","Mr.",NA,"NA"
"0","1","male",36,0,0,40.125,"C","Mr.","Backbord","A"
"0","3","male",30,0,0,8.7125,"C","Mr.",NA,"NA"
"1","1","female",18,0,2,79.65,"S","Miss.","Backbord","E"
"0","2","male",47,0,0,15,"S","Mr.",NA,"NA"
"1","1","male",60,1,1,79.2,"C","Mr.","Steuerbord","B"
"0","3","male",22,0,0,8.05,"S","Mr.",NA,"NA"
"0","3","male",30,0,0,8.05,"S","Mr.",NA,"NA"
"0","3","male",35,0,0,7.125,"S","Mr.",NA,"NA"
"1","1","female",52,1,0,78.2667,"C","Mrs.","Backbord","D"
"0","3","male",47,0,0,7.25,"S","Mr.",NA,"NA"
"0","3","female",21,0,2,7.75,"Q","Miss.",NA,"NA"
"0","2","male",37,1,0,26,"S","Mr.",NA,"NA"
"0","3","male",36,1,1,24.15,"S","Mr.",NA,"NA"
"1","2","female",21,0,0,33,"S","Miss.",NA,"NA"
"0","3","male",49,0,0,0,"S","Mr.",NA,"NA"
"0","3","male",30,0,0,7.225,"C","Mr.",NA,"NA"
"1","1","male",49,1,0,56.9292,"C","Sir.","Backbord","A"
"1","2","female",24,2,1,27,"S","Mrs.",NA,"NA"
"0","3","male",30,0,0,7.8958,"S","Mr.",NA,"NA"
"0","1","male",30,0,0,42.4,"S","Mr.",NA,"NA"
"0","3","male",44,0,0,8.05,"S","Mr.",NA,"NA"
"1","1","male",35,0,0,26.55,"C","Mr.",NA,"NA"
"0","3","male",36,1,0,15.55,"S","Mr.",NA,"NA"
"0","3","male",30,0,0,7.8958,"S","Mr.",NA,"NA"
"1","1","male",27,0,0,30.5,"S","Mr.",NA,"NA"
"1","2","female",22,1,2,41.5792,"C","Mrs.",NA,"NA"
"1","1","female",40,0,0,153.4625,"S","Miss.","Steuerbord","C"
"0","3","female",39,1,5,31.275,"S","Mrs.",NA,"NA"
"0","3","male",30,0,0,7.05,"S","Mr.",NA,"NA"
"1","3","female",21,1,0,15.5,"Q","Miss.",NA,"NA"
"0","3","male",30,0,0,7.75,"Q","Mr.",NA,"NA"
"0","3","male",35,0,0,8.05,"S","Mr.",NA,"NA"
"1","2","female",24,1,2,65,"S","Miss.",NA,"NA"
"0","3","male",34,1,1,14.4,"S","Mr.",NA,"NA"
"0","3","female",26,1,0,16.1,"S","Mrs.",NA,"NA"
"1","2","female",4,2,1,39,"S","Miss.","Backbord","F"
"0","2","male",26,0,0,10.5,"S","Mr.",NA,"NA"
"0","3","male",27,1,0,14.4542,"C","Mr.",NA,"NA"
"1","1","male",42,1,0,52.5542,"S","Mr.","Steuerbord","D"
"1","3","male",20,1,1,15.7417,"C","Mr.",NA,"NA"
"0","3","male",21,0,0,7.8542,"S","Mr.",NA,"NA"
"0","3","male",21,0,0,16.1,"S","Mr.",NA,"NA"
"0","1","male",61,0,0,32.3208,"S","Mr.","Backbord","D"
"0","2","male",57,0,0,12.35,"Q","Rev.",NA,"NA"
"1","1","female",21,0,0,77.9583,"S","Miss.","Steuerbord","D"
"0","3","male",26,0,0,7.8958,"S","Mr.",NA,"NA"
"0","3","male",30,0,0,7.7333,"Q","Mr.",NA,"NA"
"1","1","male",80,0,0,30,"S","Mr.","Steuerbord","A"
"0","3","male",51,0,0,7.0542,"S","Mr.",NA,"NA"
"1","1","male",32,0,0,30.5,"C","Dr.","Backbord","B"
"0","1","male",30,0,0,0,"S","Mr.",NA,"NA"
"0","3","female",9,3,2,27.9,"S","Miss.",NA,"NA"
"1","2","female",28,0,0,13,"S","Miss.",NA,"NA"
"0","3","male",32,0,0,7.925,"S","Mr.",NA,"NA"
"0","2","male",31,1,1,26.25,"S","Mr.",NA,"NA"
"0","3","female",41,0,5,39.6875,"S","Mrs.",NA,"NA"
"0","3","male",30,1,0,16.1,"S","Mr.",NA,"NA"
"0","3","male",20,0,0,7.8542,"S","Mr.",NA,"NA"
"1","1","female",24,0,0,69.3,"C","Miss.","Steuerbord","B"
"0","3","female",2,3,2,27.9,"S","Miss.",NA,"NA"
"1","3","male",30,0,0,56.4958,"S","Mr.",NA,"NA"
"1","3","female",0.75,2,1,19.2583,"C","Miss.",NA,"NA"
"1","1","male",48,1,0,76.7292,"C","Mr.","Steuerbord","D"
"0","3","male",19,0,0,7.8958,"S","Mr.",NA,"NA"
"1","1","male",56,0,0,35.5,"C","Col.","Backbord","A"
"0","3","male",30,0,0,7.55,"S","Mr.",NA,"NA"
"1","3","female",23,0,0,7.55,"S","Miss.",NA,"NA"
"0","3","male",30,0,0,7.8958,"S","Mr.",NA,"NA"
"1","2","female",18,0,1,23,"S","Miss.",NA,"NA"
"0","3","male",21,0,0,8.4333,"S","Mr.",NA,"NA"
"1","3","female",21,0,0,7.8292,"Q","Miss.",NA,"NA"
"0","3","female",18,0,0,6.75,"Q","Miss.",NA,"NA"
"0","2","male",24,2,0,73.5,"S","Mr.",NA,"NA"
"0","3","male",30,0,0,7.8958,"S","Mr.",NA,"NA"
"0","3","female",32,1,1,15.5,"Q","Mrs.",NA,"NA"
"0","2","male",23,0,0,13,"S","Mr.",NA,"NA"
"0","1","male",58,0,2,113.275,"C","Mr.","Backbord","D"
"1","1","male",50,2,0,133.65,"S","Dr.",NA,"NA"
"0","3","male",40,0,0,7.225,"C","Mr.",NA,"NA"
"0","1","male",47,0,0,25.5875,"S","Mr.","Backbord","E"
"0","3","male",36,0,0,7.4958,"S","Mr.",NA,"NA"
"1","3","male",20,1,0,7.925,"S","Mr.",NA,"NA"
"0","2","male",32,2,0,73.5,"S","Mr.",NA,"NA"
"0","2","male",25,0,0,13,"S","Mr.",NA,"NA"
"0","3","male",30,0,0,7.775,"S","Mr.",NA,"NA"
"0","3","male",43,0,0,8.05,"S","Mr.",NA,"NA"
"1","1","female",35,1,0,52,"S","Mrs.","Backbord","C"
"1","2","female",40,1,1,39,"S","Mrs.",NA,"NA"
"0","1","male",31,1,0,52,"S","Mr.","Steuerbord","B"
"0","2","male",70,0,0,10.5,"S","Mr.",NA,"NA"
"1","2","male",31,0,0,13,"S","Mr.",NA,"NA"
"0","2","male",30,0,0,0,"S","Mr.",NA,"NA"
"0","3","male",18,0,0,7.775,"S","Mr.",NA,"NA"
"0","3","male",24.5,0,0,8.05,"S","Mr.",NA,"NA"
"1","3","female",18,0,0,9.8417,"S","Miss.",NA,"NA"
"0","3","female",43,1,6,46.9,"S","Mrs.",NA,"NA"
"1","1","male",36,0,1,512.3292,"C","Mr.","Steuerbord","B B B"
"0","3","female",21,0,0,8.1375,"Q","Miss.",NA,"NA"
"1","1","male",27,0,0,76.7292,"C","Mr.","Steuerbord","D"
"0","3","male",20,0,0,9.225,"S","Mr.",NA,"NA"
"0","3","male",14,5,2,46.9,"S","Mr.",NA,"NA"
"0","2","male",60,1,1,39,"S","Mr.",NA,"NA"
"0","2","male",25,1,2,41.5792,"C","Mr.",NA,"NA"
"0","3","male",14,4,1,39.6875,"S","Mr.",NA,"NA"
"0","3","male",19,0,0,10.1708,"S","Mr.",NA,"NA"
"0","3","male",18,0,0,7.7958,"S","Mr.",NA,"NA"
"1","1","female",15,0,1,211.3375,"S","Miss.","Steuerbord","B"
"1","1","male",31,1,0,57,"S","Mr.","Backbord","B"
"1","3","female",4,0,1,13.4167,"C","Miss.",NA,"NA"
"1","3","male",30,0,0,56.4958,"S","Mr.",NA,"NA"
"0","3","male",25,0,0,7.225,"C","Mr.",NA,"NA"
"0","1","male",60,0,0,26.55,"S","Col.",NA,"NA"
"0","2","male",52,0,0,13.5,"S","Mr.",NA,"NA"
"0","3","male",44,0,0,8.05,"S","Mr.",NA,"NA"
"1","3","female",21,0,0,7.7333,"Q","Miss.",NA,"NA"
"0","1","male",49,1,1,110.8833,"C","Mr.","Backbord","C"
"0","3","male",42,0,0,7.65,"S","Mr.","Steuerbord","F G"
"1","1","female",18,1,0,227.525,"C","Mrs.","Backbord","C C"
"1","1","male",35,0,0,26.2875,"S","Mr.","Backbord","E"
"0","3","female",18,0,1,14.4542,"C","Miss.",NA,"NA"
"0","3","male",25,0,0,7.7417,"Q","Mr.",NA,"NA"
"0","3","male",26,1,0,7.8542,"S","Mr.",NA,"NA"
"0","2","male",39,0,0,26,"S","Mr.",NA,"NA"
"1","2","female",45,0,0,13.5,"S","Mrs.",NA,"NA"
"1","1","male",42,0,0,26.2875,"S","Mr.","Backbord","E"
"1","1","female",22,0,0,151.55,"S","Miss.",NA,"NA"
"1","3","male",3.5,1,1,15.2458,"C","Master.",NA,"NA"
"1","1","female",24,0,0,49.5042,"C","Miss.","Backbord","C"
"0","1","male",30,0,0,26.55,"S","Mr.","Backbord","C"
"1","1","male",48,1,0,52,"S","Mr.","Backbord","C"
"0","3","male",29,0,0,9.4833,"S","Mr.",NA,"NA"
"0","2","male",52,0,0,13,"S","Mr.",NA,"NA"
"0","3","male",19,0,0,7.65,"S","Mr.","Steuerbord","F G"
"1","1","female",38,0,0,227.525,"C","Miss.","Steuerbord","C"
"1","2","female",27,0,0,10.5,"S","Miss.","Steuerbord","E"
"0","3","male",30,0,0,15.5,"Q","Mr.",NA,"NA"
"0","3","male",33,0,0,7.775,"S","Mr.",NA,"NA"
"1","2","female",6,0,1,33,"S","Miss.",NA,"NA"
"0","3","male",17,1,0,7.0542,"S","Mr.",NA,"NA"
"0","2","male",34,0,0,13,"S","Mr.",NA,"NA"
"0","2","male",50,0,0,13,"S","Mr.",NA,"NA"
"1","1","male",27,1,0,53.1,"S","Mr.","Backbord","E"
"0","3","male",20,0,0,8.6625,"S","Mr.",NA,"NA"
"1","2","female",30,3,0,21,"S","Mrs.",NA,"NA"
"1","3","female",21,0,0,7.7375,"Q","Miss.",NA,"NA"
"0","2","male",25,1,0,26,"S","Mr.",NA,"NA"
"0","3","female",25,1,0,7.925,"S","Miss.",NA,"NA"
"1","1","female",29,0,0,211.3375,"S","Miss.","Steuerbord","B"
"0","3","male",11,0,0,18.7875,"C","Mr.",NA,"NA"
"0","2","male",30,0,0,0,"S","Mr.",NA,"NA"
"0","2","male",23,0,0,13,"S","Mr.",NA,"NA"
"0","2","male",23,0,0,13,"S","Mr.",NA,"NA"
"0","3","male",28.5,0,0,16.1,"S","Mr.",NA,"NA"
"0","3","female",48,1,3,34.375,"S","Mrs.",NA,"NA"
"1","1","male",35,0,0,512.3292,"C","Mr.","Steuerbord","B"
"0","3","male",30,0,0,7.8958,"S","Mr.",NA,"NA"
"0","3","male",30,0,0,7.8958,"S","Mr.",NA,"NA"
"1","1","male",30,0,0,30,"S","Mr.","Steuerbord","D"
"0","1","male",36,1,0,78.85,"S","Mr.","Backbord","C"
"1","1","female",21,2,2,262.375,"C","Miss.","Backbord und Steuerbord","B B B B"
"0","3","male",24,1,0,16.1,"S","Mr.",NA,"NA"
"1","3","male",31,0,0,7.925,"S","Mr.",NA,"NA"
"0","1","male",70,1,1,71,"S","Capt.","Backbord","B"
"0","3","male",16,1,1,20.25,"S","Mr.",NA,"NA"
"1","2","female",30,0,0,13,"S","Miss.",NA,"NA"
"0","1","male",19,1,0,53.1,"S","Mr.","Backbord","D"
"0","3","male",31,0,0,7.75,"Q","Mr.",NA,"NA"
"1","2","female",4,1,1,23,"S","Miss.",NA,"NA"
"1","3","male",6,0,1,12.475,"S","Master.","Steuerbord","E"
"0","3","male",33,0,0,9.5,"S","Mr.",NA,"NA"
"0","3","male",23,0,0,7.8958,"S","Mr.",NA,"NA"
"1","2","female",48,1,2,65,"S","Mrs.",NA,"NA"
"1","2","male",0.67,1,1,14.5,"S","Master.",NA,"NA"
"0","3","male",28,0,0,7.7958,"S","Mr.",NA,"NA"
"0","2","male",18,0,0,11.5,"S","Mr.",NA,"NA"
"0","3","male",34,0,0,8.05,"S","Mr.",NA,"NA"
"1","1","female",33,0,0,86.5,"S","Countess.","Steuerbord","B"
"0","3","male",30,0,0,14.5,"S","Mr.",NA,"NA"
"0","3","male",41,0,0,7.125,"S","Mr.",NA,"NA"
"1","3","male",20,0,0,7.2292,"C","Mr.",NA,"NA"
"1","1","female",36,1,2,120,"S","Mrs.","Backbord","B B"
"0","3","male",16,0,0,7.775,"S","Mr.",NA,"NA"
"1","1","female",51,1,0,77.9583,"S","Mrs.","Steuerbord","D"
"0","1","male",46.5,0,0,39.6,"C","Dr.",NA,"NA"
"0","3","female",30.5,0,0,7.75,"Q","Miss.",NA,"NA"
"0","3","male",30,1,0,24.15,"Q","Mr.",NA,"NA"
"0","3","male",32,0,0,8.3625,"S","Mr.",NA,"NA"
"0","3","male",24,0,0,9.5,"S","Mr.",NA,"NA"
"0","3","male",48,0,0,7.8542,"S","Mr.",NA,"NA"
"0","2","female",57,0,0,10.5,"S","Mrs.","Steuerbord","E"
"0","3","male",30,0,0,7.225,"C","Mr.",NA,"NA"
"1","2","female",54,1,3,23,"S","Mrs.",NA,"NA"
"0","3","male",18,0,0,7.75,"S","Mr.",NA,"NA"
"0","3","male",30,0,0,7.75,"Q","Mr.","Backbord","F"
"1","3","female",5,0,0,12.475,"S","Miss.",NA,"NA"
"0","3","male",30,0,0,7.7375,"Q","Mr.",NA,"NA"
"1","1","female",43,0,1,211.3375,"S","Mrs.","Steuerbord","B"
"1","3","female",13,0,0,7.2292,"C","Miss.",NA,"NA"
"1","1","female",17,1,0,57,"S","Mrs.","Backbord","B"
"0","1","male",29,0,0,30,"S","Mr.","Backbord","D"
"0","3","male",30,1,2,23.45,"S","Mr.",NA,"NA"
"0","3","male",25,0,0,7.05,"S","Mr.",NA,"NA"
"0","3","male",25,0,0,7.25,"S","Mr.",NA,"NA"
"1","3","female",18,0,0,7.4958,"S","Miss.",NA,"NA"
"0","3","male",8,4,1,29.125,"Q","Master.",NA,"NA"
"1","3","male",1,1,2,20.575,"S","Master.",NA,"NA"
"0","1","male",46,0,0,79.2,"C","Mr.","Backbord","B B"
"0","3","male",30,0,0,7.75,"Q","Mr.",NA,"NA"
"0","2","male",16,0,0,26,"S","Mr.",NA,"NA"
"0","3","female",21,8,2,69.55,"S","Miss.",NA,"NA"
"0","1","male",30,0,0,30.6958,"C","Mr.",NA,"NA"
"0","3","male",25,0,0,7.8958,"S","Mr.",NA,"NA"
"0","2","male",39,0,0,13,"S","Mr.",NA,"NA"
"1","1","female",49,0,0,25.9292,"S","Dr.","Steuerbord","D"
"1","3","female",31,0,0,8.6833,"S","Mrs.",NA,"NA"
"0","3","male",30,0,0,7.2292,"C","Mr.",NA,"NA"
"0","3","female",30,1,1,24.15,"S","Mrs.",NA,"NA"
"0","2","male",34,0,0,13,"S","Mr.",NA,"NA"
"1","2","female",31,1,1,26.25,"S","Mrs.",NA,"NA"
"1","1","male",11,1,2,120,"S","Master.","Backbord","B B"
"1","3","male",0.42,0,1,8.5167,"C","Master.",NA,"NA"
"1","3","male",27,0,0,6.975,"S","Mr.",NA,"NA"
"0","3","male",31,0,0,7.775,"S","Mr.",NA,"NA"
"0","1","male",39,0,0,0,"S","Mr.","Backbord","A"
"0","3","female",18,0,0,7.775,"S","Miss.",NA,"NA"
"0","2","male",39,0,0,13,"S","Mr.",NA,"NA"
"1","1","female",33,1,0,53.1,"S","Mrs.","Backbord","E"
"0","3","male",26,0,0,7.8875,"S","Mr.",NA,"NA"
"0","3","male",39,0,0,24.15,"S","Mr.",NA,"NA"
"0","2","male",35,0,0,10.5,"S","Mr.",NA,"NA"
"0","3","female",6,4,2,31.275,"S","Miss.",NA,"NA"
"0","3","male",30.5,0,0,8.05,"S","Mr.",NA,"NA"
"0","1","male",30,0,0,0,"S","Mr.","Backbord","B"
"0","3","female",23,0,0,7.925,"S","Miss.",NA,"NA"
"0","2","male",31,1,1,37.0042,"C","Mr.",NA,"NA"
"0","3","male",43,0,0,6.45,"S","Mr.",NA,"NA"
"0","3","male",10,3,2,27.9,"S","Master.",NA,"NA"
"1","1","female",52,1,1,93.5,"S","Mrs.","Steuerbord","B"
"1","3","male",27,0,0,8.6625,"S","Mr.",NA,"NA"
"0","1","male",38,0,0,0,"S","Jonkheer.",NA,"NA"
"1","3","female",27,0,1,12.475,"S","Mrs.","Steuerbord","E"
"0","3","male",2,4,1,39.6875,"S","Master.",NA,"NA"
"0","3","male",30,0,0,6.95,"Q","Mr.",NA,"NA"
"0","3","male",30,0,0,56.4958,"S","Mr.",NA,"NA"
"1","2","male",1,0,2,37.0042,"C","Master.",NA,"NA"
"1","3","male",30,0,0,7.75,"Q","Mr.",NA,"NA"
"1","1","female",62,0,0,80,"","Mrs.","Backbord","B"
"1","3","female",15,1,0,14.4542,"C","Mrs.",NA,"NA"
"1","2","male",0.83,1,1,18.75,"S","Master.",NA,"NA"
"0","3","male",30,0,0,7.2292,"C","Mr.",NA,"NA"
"0","3","male",23,0,0,7.8542,"S","Mr.",NA,"NA"
"0","3","male",18,0,0,8.3,"S","Mr.",NA,"NA"
"1","1","female",39,1,1,83.1583,"C","Miss.","Steuerbord","E"
"0","3","male",21,0,0,8.6625,"S","Mr.",NA,"NA"
"0","3","male",30,0,0,8.05,"S","Mr.",NA,"NA"
"1","3","male",32,0,0,56.4958,"S","Mr.",NA,"NA"
"1","1","male",30,0,0,29.7,"C","Mr.","Steuerbord","C"
"0","3","male",20,0,0,7.925,"S","Mr.",NA,"NA"
"0","2","male",16,0,0,10.5,"S","Mr.",NA,"NA"
"1","1","female",30,0,0,31,"C","Miss.",NA,"NA"
"0","3","male",34.5,0,0,6.4375,"C","Mr.",NA,"NA"
"0","3","male",17,0,0,8.6625,"S","Mr.",NA,"NA"
"0","3","male",42,0,0,7.55,"S","Mr.",NA,"NA"
"0","3","male",30,8,2,69.55,"S","Mr.",NA,"NA"
"0","3","male",35,0,0,7.8958,"C","Mr.",NA,"NA"
"0","2","male",28,0,1,33,"S","Rev.",NA,"NA"
"1","1","female",35,1,0,89.1042,"C","Mrs.","Backbord","C"
"0","3","male",4,4,2,31.275,"S","Master.",NA,"NA"
"0","3","male",74,0,0,7.775,"S","Mr.",NA,"NA"
"0","3","female",9,1,1,15.2458,"C","Miss.",NA,"NA"
"1","1","female",16,0,1,39.4,"S","Miss.","Backbord","D"
"0","2","female",44,1,0,26,"S","Mrs.",NA,"NA"
"1","3","female",18,0,1,9.35,"S","Mrs.",NA,"NA"
"1","1","female",45,1,1,164.8667,"S","Mrs.",NA,"NA"
"1","1","male",51,0,0,26.55,"S","Mr.","Steuerbord","E"
"1","3","female",24,0,3,19.2583,"C","Mrs.",NA,"NA"
"0","3","male",30,0,0,7.2292,"C","Mr.",NA,"NA"
"0","3","male",41,2,0,14.1083,"S","Mr.",NA,"NA"
"0","2","male",21,1,0,11.5,"S","Mr.",NA,"NA"
"1","1","female",48,0,0,25.9292,"S","Mrs.","Steuerbord","D"
"0","3","female",21,8,2,69.55,"S","Miss.",NA,"NA"
"0","2","male",24,0,0,13,"S","Mr.",NA,"NA"
"1","2","female",42,0,0,13,"S","Mrs.",NA,"NA"
"1","2","female",27,1,0,13.8583,"C","Miss.",NA,"NA"
"0","1","male",31,0,0,50.4958,"S","Mr.","Backbord","A"
"0","3","male",30,0,0,9.5,"S","Mr.",NA,"NA"
"1","3","male",4,1,1,11.1333,"S","Master.",NA,"NA"
"0","3","male",26,0,0,7.8958,"S","Mr.",NA,"NA"
"1","1","female",47,1,1,52.5542,"S","Mrs.","Steuerbord","D"
"0","1","male",33,0,0,5,"S","Mr.","Steuerbord","B B B"
"0","3","male",47,0,0,9,"S","Mr.",NA,"NA"
"1","2","female",28,1,0,24,"C","Mrs.",NA,"NA"
"1","3","female",15,0,0,7.225,"C","Miss.",NA,"NA"
"0","3","male",20,0,0,9.8458,"S","Mr.",NA,"NA"
"0","3","male",19,0,0,7.8958,"S","Mr.",NA,"NA"
"0","3","male",30,0,0,7.8958,"S","Mr.",NA,"NA"
"1","1","female",56,0,1,83.1583,"C","Mrs.","Backbord","C"
"1","2","female",25,0,1,26,"S","Mrs.",NA,"NA"
"0","3","male",33,0,0,7.8958,"S","Mr.",NA,"NA"
"0","3","female",22,0,0,10.5167,"S","Miss.",NA,"NA"
"0","2","male",28,0,0,10.5,"S","Mr.",NA,"NA"
"0","3","male",25,0,0,7.05,"S","Mr.",NA,"NA"
"0","3","female",39,0,5,29.125,"Q","Mrs.",NA,"NA"
"0","2","male",27,0,0,13,"S","Rev.",NA,"NA"
"1","1","female",19,0,0,30,"S","Miss.","Backbord","B"
"0","3","female",21,1,2,23.45,"S","Miss.",NA,"NA"
"1","1","male",26,0,0,30,"C","Mr.","Backbord","C"
"0","3","male",32,0,0,7.75,"Q","Mr.",NA,"NA"
